speed,distance_to_stopline,traffic_light_state,vehicle_type,time_of_day,weather,camera_angle,lane_id,light_state_duration,violation,image_path
71,12.386549475057873,Red,Bike,Morning,Rainy,Side,3,44.30889880047085,0,image_1.jpg
112,17.798633932563078,Green,Car,Morning,Cloudy,Rear,1,38.16523216154498,0,image_2.jpg
34,37.892305523218454,Red,Car,Evening,Foggy,Side,3,13.386905462649263,0,image_3.jpg
91,0.7196744314877934,Red,Car,Evening,Sunny,Front,2,116.86863466296475,1,image_4.jpg
80,5.803632025345812,Green,Truck,Afternoon,Rainy,Side,4,34.28200372980599,0,image_5.jpg
40,2.3001321010876374,Red,Bike,Morning,Rainy,Front,1,90.7432738848237,0,image_6.jpg
102,2.0364401159485066,Red,Truck,Morning,Rainy,Side,2,93.88560341635929,1,image_7.jpg
106,42.77302920055036,Green,Truck,Evening,Sunny,Rear,4,112.21831378079523,0,image_8.jpg
94,35.18289296900118,Green,Bike,Morning,Foggy,Front,1,13.360440280271797,0,image_9.jpg
94,23.70869145436626,Red,Truck,Morning,Rainy,Side,3,105.92531722917084,0,image_10.jpg
107,4.891708032550074,Red,Bike,Morning,Cloudy,Side,2,67.99487989237802,1,image_11.jpg
119,24.58079375584162,Green,Car,Evening,Rainy,Side,4,79.57985209624107,0,image_12.jpg
43,23.673588539028284,Green,Bike,Afternoon,Rainy,Front,1,80.89173048331371,0,image_13.jpg
22,8.660093495500758,Red,Car,Night,Rainy,Front,1,100.17775854832003,0,image_14.jpg
41,21.692582461898652,Green,Truck,Afternoon,Rainy,Front,3,46.67480543750216,0,image_15.jpg
72,19.92523671986867,Red,Truck,Night,Foggy,Rear,4,90.63563088459928,0,image_16.jpg
21,30.792504902610823,Red,Car,Morning,Cloudy,Rear,3,68.14359206944168,0,image_17.jpg
107,31.75468254338219,Red,Truck,Afternoon,Foggy,Front,3,97.27334157358825,0,image_18.jpg
49,2.265200488602226,Red,Bike,Night,Cloudy,Side,4,118.96006360471468,0,image_19.jpg
57,18.73063073132356,Red,Car,Evening,Rainy,Rear,4,32.07161191441374,0,image_20.jpg
21,31.29299578571182,Green,Truck,Evening,Sunny,Front,4,119.41135057159977,0,image_21.jpg
83,25.156812929004385,Green,Car,Afternoon,Foggy,Side,2,19.87933697110514,0,image_22.jpg
79,42.824492059416116,Green,Bike,Afternoon,Sunny,Rear,4,10.254930269529526,0,image_23.jpg
40,32.93468158094725,Green,Bike,Morning,Foggy,Side,1,14.857812979561439,0,image_24.jpg
52,8.146721354071484,Red,Truck,Afternoon,Rainy,Side,3,47.596064521043786,0,image_25.jpg
95,3.528437370021492,Red,Bike,Morning,Foggy,Side,2,79.61969637462775,1,image_26.jpg
77,32.12096391031578,Red,Car,Morning,Rainy,Side,4,17.593249497663457,0,image_27.jpg
41,1.3255655270810907,Red,Bike,Evening,Foggy,Rear,2,10.6232395982524,0,image_28.jpg
108,29.288779063673164,Green,Car,Evening,Rainy,Rear,4,113.08001313046742,0,image_29.jpg
68,47.01151207124788,Red,Car,Night,Rainy,Rear,2,100.41192995339226,0,image_30.jpg
110,28.77370889379395,Red,Bike,Evening,Cloudy,Front,3,99.01014882529341,0,image_31.jpg
78,19.408496310326097,Green,Truck,Evening,Rainy,Rear,3,107.28667030521748,0,image_32.jpg
61,32.16441092211766,Green,Bike,Afternoon,Cloudy,Side,1,87.00377000493148,0,image_33.jpg
111,22.912644524575832,Green,Car,Evening,Rainy,Rear,1,21.484454272288957,0,image_34.jpg
79,27.280839465796745,Green,Car,Night,Sunny,Side,4,53.90102068810953,0,image_35.jpg
99,47.07324043882626,Red,Bike,Afternoon,Rainy,Front,3,89.54644351110925,0,image_36.jpg
34,19.305131890038712,Red,Truck,Night,Sunny,Side,2,40.8367906870673,0,image_37.jpg
81,48.05952819119571,Green,Truck,Evening,Sunny,Side,2,85.61470005498613,0,image_38.jpg
81,45.26753209780318,Red,Car,Night,Rainy,Side,2,12.694829309441758,0,image_39.jpg
66,9.789556739464821,Red,Car,Afternoon,Sunny,Front,1,43.67510749675525,1,image_40.jpg
81,3.4680650437582727,Red,Truck,Morning,Cloudy,Rear,2,70.40433699048899,1,image_41.jpg
70,5.038900068871333,Green,Bike,Night,Foggy,Rear,1,79.52988124568665,0,image_42.jpg
74,0.9110912825774864,Red,Car,Night,Rainy,Front,1,73.47447309081019,1,image_43.jpg
83,4.72214803779642,Green,Car,Afternoon,Sunny,Side,4,86.75319036807724,0,image_44.jpg
22,34.150338670817845,Red,Truck,Afternoon,Rainy,Rear,2,10.669762306382298,0,image_45.jpg
70,3.559432423011449,Red,Bike,Night,Cloudy,Front,2,21.103531997527362,1,image_46.jpg
26,15.948781514688065,Red,Truck,Evening,Rainy,Rear,3,105.58386775070596,0,image_47.jpg
40,42.24376554847273,Green,Bike,Night,Rainy,Front,4,84.99235084991774,0,image_48.jpg
92,1.1635967867912933,Red,Bike,Afternoon,Sunny,Side,3,22.422480695461243,1,image_49.jpg
58,40.72342412944679,Green,Bike,Morning,Cloudy,Rear,4,102.62818811384372,0,image_50.jpg
37,14.092738738669997,Green,Car,Morning,Foggy,Front,2,36.64543396070236,0,image_51.jpg
23,5.908241381082813,Green,Truck,Evening,Foggy,Rear,1,62.60858726147458,0,image_52.jpg
108,34.836858268207536,Red,Truck,Night,Sunny,Rear,1,25.97161641731263,0,image_53.jpg
79,31.4471423389942,Red,Bike,Morning,Rainy,Rear,1,88.11210620638774,0,image_54.jpg
33,43.873600676352645,Red,Car,Night,Sunny,Rear,1,83.35398631156946,0,image_55.jpg
28,36.75355219019429,Red,Car,Afternoon,Sunny,Front,1,33.22237182827498,0,image_56.jpg
109,40.17404651924243,Green,Truck,Morning,Sunny,Side,3,104.9740843542702,0,image_57.jpg
72,14.101728628565324,Green,Car,Evening,Rainy,Front,4,54.14366266416834,0,image_58.jpg
21,8.871977188986142,Green,Car,Afternoon,Cloudy,Front,2,42.1766600177816,0,image_59.jpg
103,37.53073758204292,Red,Bike,Evening,Sunny,Front,3,26.7562548410989,0,image_60.jpg
111,40.3417369633632,Green,Car,Afternoon,Rainy,Side,4,39.278481376709124,0,image_61.jpg
79,49.52525710003366,Red,Bike,Morning,Cloudy,Rear,1,12.42296133461987,0,image_62.jpg
90,20.630883845571326,Green,Truck,Evening,Sunny,Rear,4,74.15832417017272,0,image_63.jpg
63,18.600904289639157,Red,Car,Evening,Foggy,Rear,4,102.64538209783427,0,image_64.jpg
27,38.82064803709984,Red,Truck,Afternoon,Cloudy,Side,1,70.3878494385806,0,image_65.jpg
66,17.040177012650894,Green,Truck,Evening,Sunny,Rear,1,34.12013581162633,0,image_66.jpg
54,46.537866280178235,Green,Car,Afternoon,Cloudy,Side,1,13.703609603525999,0,image_67.jpg
97,42.92063759215059,Green,Car,Afternoon,Cloudy,Rear,2,33.609088058468316,0,image_68.jpg
100,21.44970136875092,Green,Truck,Afternoon,Cloudy,Rear,1,55.77335708782015,0,image_69.jpg
55,37.54355338957487,Red,Car,Afternoon,Cloudy,Front,2,93.55725715697761,0,image_70.jpg
69,37.727143704234116,Green,Bike,Morning,Cloudy,Side,1,30.66271377915515,0,image_71.jpg
23,5.15619344179663,Green,Bike,Afternoon,Cloudy,Front,2,89.17705986901547,0,image_72.jpg
21,45.127645333978336,Green,Car,Night,Sunny,Front,4,105.3626815187072,0,image_73.jpg
25,25.262618622392857,Red,Truck,Evening,Foggy,Front,3,59.93415329191927,0,image_74.jpg
73,41.322873305387084,Red,Car,Night,Rainy,Side,4,100.35751908068526,0,image_75.jpg
23,16.002480051530586,Green,Car,Morning,Cloudy,Side,4,71.0123082838605,0,image_76.jpg
73,44.77616142481003,Red,Truck,Night,Rainy,Rear,1,80.07999207889955,0,image_77.jpg
112,19.460083936708156,Green,Truck,Evening,Sunny,Front,2,67.89063063720229,0,image_78.jpg
82,0.541882574014918,Red,Bike,Night,Cloudy,Rear,3,60.94899884264759,1,image_79.jpg
37,45.26909882096318,Red,Truck,Morning,Foggy,Front,1,35.81187859534343,0,image_80.jpg
109,4.564333839306678,Red,Bike,Afternoon,Rainy,Side,1,43.35134654071506,1,image_81.jpg
63,15.965681879520744,Red,Truck,Night,Cloudy,Side,1,41.896713083796996,0,image_82.jpg
53,47.50309835254025,Green,Car,Morning,Sunny,Side,4,71.96178240491962,0,image_83.jpg
93,47.53035734687781,Green,Bike,Morning,Foggy,Front,2,23.194906232627893,0,image_84.jpg
81,28.671894406164306,Green,Bike,Evening,Rainy,Side,2,110.84708597725687,0,image_85.jpg
119,31.591860608489963,Red,Bike,Evening,Rainy,Front,3,89.27206598114246,0,image_86.jpg
33,22.42227609891599,Green,Car,Night,Cloudy,Rear,2,54.1590194004513,0,image_87.jpg
114,14.660538584903227,Green,Car,Afternoon,Foggy,Front,2,27.448655897901578,0,image_88.jpg
67,16.4332272684958,Green,Car,Morning,Foggy,Rear,1,107.01913866937994,0,image_89.jpg
34,33.62592280385192,Red,Car,Night,Foggy,Front,1,100.61558991112817,0,image_90.jpg
91,37.618726471884,Red,Car,Morning,Foggy,Rear,4,89.38937079888973,0,image_91.jpg
97,39.578952186292426,Red,Bike,Morning,Sunny,Side,1,39.87017521523666,0,image_92.jpg
106,39.48090713972769,Green,Car,Afternoon,Foggy,Rear,1,54.26913011770358,0,image_93.jpg
81,4.560305152434518,Green,Bike,Afternoon,Rainy,Side,1,21.30230776976657,0,image_94.jpg
59,24.721015235129073,Green,Car,Night,Rainy,Side,1,30.79434772002849,0,image_95.jpg
104,2.877938000832214,Red,Truck,Afternoon,Sunny,Rear,4,96.13183010484062,1,image_96.jpg
99,27.476444116186777,Red,Bike,Afternoon,Rainy,Front,1,88.65425907357522,0,image_97.jpg
101,22.07652506866885,Green,Truck,Night,Rainy,Front,3,75.28343392735282,0,image_98.jpg
72,44.38520913791499,Red,Bike,Afternoon,Foggy,Front,3,108.52993985187902,0,image_99.jpg
43,17.545750627603933,Red,Truck,Evening,Rainy,Front,3,74.15931695943499,0,image_100.jpg
45,5.853350821380293,Red,Car,Morning,Sunny,Front,3,61.36647999599718,0,image_101.jpg
108,7.149584102641793,Red,Car,Morning,Foggy,Side,1,47.4407820936339,1,image_102.jpg
79,38.07553158587361,Green,Car,Morning,Cloudy,Front,3,113.44933563097898,0,image_103.jpg
60,30.910903165813053,Red,Bike,Morning,Foggy,Side,1,19.098700767678885,0,image_104.jpg
48,5.0561338061395125,Red,Truck,Night,Sunny,Side,4,112.39761092668893,0,image_105.jpg
34,4.205340305749871,Red,Car,Morning,Foggy,Side,3,100.93861259241201,0,image_106.jpg
64,35.048456572956,Red,Truck,Morning,Foggy,Rear,2,24.292291698927144,0,image_107.jpg
84,3.6381503182096764,Green,Truck,Morning,Sunny,Rear,3,72.1482793442779,0,image_108.jpg
108,41.09300296451781,Green,Car,Morning,Foggy,Side,3,105.32027799239955,0,image_109.jpg
90,35.31211135782481,Red,Car,Evening,Sunny,Rear,1,72.8990079967869,0,image_110.jpg
28,4.067439032094988,Red,Truck,Morning,Sunny,Front,3,109.79198037166846,0,image_111.jpg
107,4.241885704259596,Red,Car,Evening,Cloudy,Front,2,113.72821984976467,1,image_112.jpg
20,49.33197892505877,Red,Car,Night,Rainy,Side,1,56.462297440273645,0,image_113.jpg
27,18.713539787806017,Red,Car,Afternoon,Rainy,Front,1,51.504502754695594,0,image_114.jpg
107,18.532107353344546,Red,Bike,Morning,Foggy,Side,4,112.99532693660726,0,image_115.jpg
82,40.63997836287513,Green,Truck,Afternoon,Foggy,Side,4,84.26540672646348,0,image_116.jpg
30,47.36242886919293,Red,Truck,Afternoon,Cloudy,Front,3,22.762494948298624,0,image_117.jpg
100,49.30005319114355,Green,Bike,Night,Cloudy,Rear,4,14.65209241449493,0,image_118.jpg
27,37.66890926294708,Green,Truck,Afternoon,Cloudy,Front,4,72.10919560969894,0,image_119.jpg
54,18.81297927654579,Red,Car,Evening,Sunny,Front,4,112.31880619822671,0,image_120.jpg
54,4.175035834933438,Green,Truck,Afternoon,Cloudy,Side,1,102.86735726464002,0,image_121.jpg
52,38.85734579637184,Green,Car,Afternoon,Cloudy,Side,1,84.343252111077,0,image_122.jpg
24,27.920212486790252,Green,Bike,Afternoon,Foggy,Side,1,25.302743378019628,0,image_123.jpg
60,21.211100462348814,Green,Car,Morning,Cloudy,Side,4,37.96545221235651,0,image_124.jpg
47,45.3177192547368,Green,Truck,Morning,Sunny,Rear,1,106.30623492078777,0,image_125.jpg
26,5.559874115307567,Green,Truck,Evening,Sunny,Rear,4,30.10879603225905,0,image_126.jpg
92,24.631255214542957,Red,Truck,Evening,Foggy,Rear,1,40.6283349075478,0,image_127.jpg
91,0.5676822383709534,Green,Bike,Morning,Cloudy,Side,1,24.256071631498614,0,image_128.jpg
31,23.433032099706313,Green,Bike,Evening,Cloudy,Side,2,84.37190545558522,0,image_129.jpg
53,2.8151637840918675,Green,Truck,Morning,Sunny,Side,3,113.83805358995305,0,image_130.jpg
52,5.940895813403596,Red,Car,Night,Cloudy,Rear,4,39.58648347549246,0,image_131.jpg
67,5.876312338855244,Green,Bike,Afternoon,Cloudy,Side,2,62.29472686350811,0,image_132.jpg
42,32.460515105803175,Red,Truck,Afternoon,Cloudy,Front,1,79.77737136823247,0,image_133.jpg
81,37.30224396327117,Green,Truck,Evening,Rainy,Front,4,119.94128730371938,0,image_134.jpg
107,29.168438254857982,Red,Bike,Morning,Foggy,Side,1,21.52888714973293,0,image_135.jpg
56,48.10862742372709,Red,Bike,Morning,Rainy,Front,3,64.842787945628,0,image_136.jpg
118,18.743528976185203,Green,Bike,Evening,Foggy,Front,2,52.36321318927501,0,image_137.jpg
63,14.285604314093037,Green,Car,Morning,Sunny,Rear,3,105.24021817445907,0,image_138.jpg
105,43.429956409473014,Red,Car,Night,Cloudy,Side,2,62.35645041128215,0,image_139.jpg
110,11.179791925972632,Green,Truck,Afternoon,Foggy,Side,1,22.207527704366292,0,image_140.jpg
54,48.161126972030566,Red,Bike,Evening,Rainy,Rear,3,79.7866559815242,0,image_141.jpg
84,0.6077237344908171,Red,Car,Evening,Cloudy,Front,3,94.78586800902677,1,image_142.jpg
118,48.493941335381955,Red,Bike,Morning,Sunny,Front,1,10.316937683217605,0,image_143.jpg
66,2.1579955975288057,Red,Truck,Evening,Foggy,Side,3,104.48523539626925,1,image_144.jpg
97,44.557155684903556,Red,Car,Night,Foggy,Front,4,30.462530000623218,0,image_145.jpg
22,26.385055454314994,Green,Car,Morning,Foggy,Rear,2,70.72763011187156,0,image_146.jpg
20,49.64823980596502,Red,Car,Morning,Cloudy,Rear,2,55.737725075619515,0,image_147.jpg
24,3.689828236769943,Red,Truck,Morning,Rainy,Side,2,89.16191982715834,0,image_148.jpg
109,27.69271422006604,Green,Bike,Morning,Rainy,Rear,4,50.827777626431605,0,image_149.jpg
33,48.46512678095495,Red,Car,Night,Foggy,Rear,2,105.67394943498819,0,image_150.jpg
46,26.15489220850744,Green,Truck,Morning,Sunny,Side,1,90.35459970546692,0,image_151.jpg
28,31.469931906763126,Green,Bike,Evening,Sunny,Rear,3,81.24844881692137,0,image_152.jpg
98,34.78743444923086,Green,Truck,Night,Rainy,Rear,4,97.58646551191397,0,image_153.jpg
34,22.727053238388663,Red,Bike,Afternoon,Sunny,Rear,2,92.94253384212205,0,image_154.jpg
109,31.377904004203174,Red,Truck,Afternoon,Rainy,Front,1,13.953254241370868,0,image_155.jpg
61,29.21571559615501,Red,Bike,Evening,Foggy,Side,3,53.42077892293109,0,image_156.jpg
96,45.057900524549446,Green,Car,Evening,Rainy,Side,3,112.38880270481388,0,image_157.jpg
70,2.2723190170728937,Red,Bike,Night,Rainy,Side,4,23.829669589144885,1,image_158.jpg
82,14.048159479611517,Green,Truck,Afternoon,Foggy,Front,4,91.08062054752564,0,image_159.jpg
115,47.520574203827934,Red,Truck,Afternoon,Sunny,Front,4,117.20509924688626,0,image_160.jpg
71,44.51318919454582,Green,Bike,Afternoon,Rainy,Side,1,15.74184919494688,0,image_161.jpg
115,22.782837639285646,Red,Car,Afternoon,Rainy,Front,1,85.04132686892716,0,image_162.jpg
23,31.006629890076837,Red,Car,Afternoon,Foggy,Side,4,61.496955543113344,0,image_163.jpg
113,13.869059149056634,Red,Bike,Morning,Sunny,Front,2,73.70927809121943,0,image_164.jpg
42,9.406057986188065,Green,Bike,Evening,Rainy,Rear,3,19.387547013275736,0,image_165.jpg
34,23.18492024699911,Green,Truck,Morning,Foggy,Rear,3,14.730764705363342,0,image_166.jpg
62,17.66761140130264,Red,Car,Afternoon,Rainy,Side,1,83.35533266060139,0,image_167.jpg
48,29.182805592543602,Red,Bike,Night,Cloudy,Front,3,100.56403728027897,0,image_168.jpg
55,3.8867318482492417,Green,Car,Night,Foggy,Front,2,96.0216868426264,0,image_169.jpg
32,48.71974038330833,Green,Bike,Afternoon,Sunny,Rear,3,69.81863006528611,0,image_170.jpg
51,49.31053722398014,Green,Bike,Afternoon,Sunny,Rear,1,20.9853503249796,0,image_171.jpg
90,34.90808570098726,Red,Car,Night,Sunny,Front,1,85.68488882196152,0,image_172.jpg
78,26.80481831720602,Green,Bike,Morning,Sunny,Front,2,36.60777719095606,0,image_173.jpg
105,15.476380814316387,Red,Bike,Morning,Rainy,Front,2,110.2175573044122,0,image_174.jpg
47,40.68975098534743,Green,Truck,Afternoon,Rainy,Front,3,102.20918955002755,0,image_175.jpg
85,34.23655862769397,Red,Bike,Morning,Sunny,Front,3,88.032126379613,0,image_176.jpg
61,8.130846967244565,Green,Bike,Night,Sunny,Front,1,114.37305514142435,0,image_177.jpg
64,45.546359224692125,Green,Bike,Morning,Sunny,Side,2,13.456400366240022,0,image_178.jpg
81,41.12686214615845,Green,Truck,Afternoon,Rainy,Front,2,90.98204675668381,0,image_179.jpg
76,47.4899956645962,Green,Car,Night,Sunny,Rear,2,46.32670572700459,0,image_180.jpg
25,36.285975419418,Green,Truck,Morning,Sunny,Side,3,109.66724742550018,0,image_181.jpg
47,30.670759796789493,Red,Truck,Evening,Cloudy,Front,2,39.33427163281753,0,image_182.jpg
47,20.912151814530944,Green,Car,Night,Cloudy,Rear,1,89.73421492465188,0,image_183.jpg
63,46.63642416770066,Green,Truck,Night,Sunny,Side,1,106.54117216158595,0,image_184.jpg
103,43.30319447502042,Green,Car,Evening,Foggy,Rear,3,14.582250022095067,0,image_185.jpg
49,2.2609335053094703,Red,Truck,Evening,Sunny,Front,4,53.74123375512397,0,image_186.jpg
81,1.3183487248626002,Green,Car,Night,Cloudy,Front,3,93.85399352241325,0,image_187.jpg
94,18.82316834390248,Red,Bike,Evening,Foggy,Front,4,60.04107784583458,0,image_188.jpg
111,40.52766653909165,Green,Truck,Afternoon,Foggy,Front,2,39.39778927729549,0,image_189.jpg
108,49.363806465747224,Green,Truck,Afternoon,Sunny,Side,3,34.1785883705509,0,image_190.jpg
81,7.520844555176409,Red,Truck,Afternoon,Cloudy,Side,1,24.46700936080157,1,image_191.jpg
116,29.706535767606756,Green,Truck,Night,Cloudy,Rear,2,104.28425158419105,0,image_192.jpg
20,19.044542831551077,Red,Bike,Evening,Foggy,Front,1,73.28909435767116,0,image_193.jpg
46,48.49571989073016,Red,Truck,Evening,Sunny,Rear,2,18.40234394906016,0,image_194.jpg
81,42.105946156785436,Green,Bike,Morning,Rainy,Side,3,52.083835592769894,0,image_195.jpg
96,41.91643523555689,Red,Bike,Morning,Rainy,Front,4,50.45070158856209,0,image_196.jpg
22,23.434657989748516,Green,Bike,Evening,Cloudy,Front,2,29.99131097804093,0,image_197.jpg
89,20.74097511688326,Green,Bike,Evening,Rainy,Side,4,57.90583880194097,0,image_198.jpg
91,13.670353596535312,Red,Car,Evening,Cloudy,Side,2,46.53093019324501,0,image_199.jpg
46,2.8187748325463557,Red,Car,Night,Cloudy,Side,1,47.59840760414008,0,image_200.jpg
28,43.23611881275266,Red,Truck,Evening,Cloudy,Side,1,91.29292135667545,0,image_201.jpg
81,40.64505045650388,Red,Car,Morning,Rainy,Side,2,34.558972405571595,0,image_202.jpg
56,49.98588366430653,Green,Car,Night,Cloudy,Front,4,80.6045954740891,0,image_203.jpg
116,49.831841853695266,Green,Truck,Evening,Foggy,Side,3,72.77145862690284,0,image_204.jpg
70,27.771585280131372,Red,Truck,Morning,Sunny,Front,3,72.49017635716541,0,image_205.jpg
63,38.44937075902553,Green,Truck,Night,Sunny,Front,1,82.93080807559535,0,image_206.jpg
43,47.238286494121404,Green,Car,Evening,Cloudy,Side,3,70.32202398152194,0,image_207.jpg
98,42.482369533870575,Green,Car,Evening,Sunny,Side,1,106.7180626331023,0,image_208.jpg
78,12.367405087159883,Green,Truck,Evening,Rainy,Front,3,84.31381011452858,0,image_209.jpg
51,22.527206765504676,Red,Bike,Night,Rainy,Side,2,70.1659576508527,0,image_210.jpg
115,6.457970757574749,Red,Truck,Morning,Sunny,Side,1,101.27394323164094,1,image_211.jpg
107,47.70255136293612,Green,Bike,Morning,Rainy,Side,1,76.67612214268277,0,image_212.jpg
71,30.308731722544003,Red,Bike,Afternoon,Sunny,Rear,2,42.02586725636969,0,image_213.jpg
81,11.432140275173136,Red,Truck,Evening,Sunny,Front,1,32.78044099942284,0,image_214.jpg
77,33.58503422029283,Red,Truck,Afternoon,Sunny,Rear,3,26.756056422894666,0,image_215.jpg
71,30.90641202289479,Green,Truck,Afternoon,Cloudy,Side,3,108.94007338007118,0,image_216.jpg
31,17.908135901642027,Green,Car,Morning,Sunny,Rear,1,88.11489749778724,0,image_217.jpg
58,5.677879609981451,Green,Bike,Night,Cloudy,Side,3,113.11162819807528,0,image_218.jpg
21,33.57865977963998,Red,Car,Night,Sunny,Rear,4,76.36209862864374,0,image_219.jpg
22,26.015385045189664,Green,Car,Morning,Sunny,Side,1,62.07409696444038,0,image_220.jpg
75,38.61591958678196,Green,Truck,Night,Sunny,Rear,2,16.568813786797826,0,image_221.jpg
100,26.00817505559967,Red,Car,Afternoon,Rainy,Rear,4,83.88065097006327,0,image_222.jpg
78,42.609075015927004,Green,Truck,Evening,Cloudy,Rear,1,74.04296357450542,0,image_223.jpg
21,27.595341938724278,Green,Bike,Morning,Cloudy,Front,2,118.92297829463836,0,image_224.jpg
21,28.046898576769312,Red,Truck,Evening,Sunny,Rear,3,36.307465556046736,0,image_225.jpg
111,43.832680132917254,Red,Car,Night,Sunny,Front,2,68.38110908155194,0,image_226.jpg
73,20.17414331061985,Red,Car,Evening,Rainy,Side,4,81.60530686298799,0,image_227.jpg
106,6.700761422532037,Green,Truck,Night,Rainy,Rear,3,80.9050292216578,0,image_228.jpg
115,1.4391338156669486,Green,Truck,Night,Rainy,Side,1,71.74228972432431,0,image_229.jpg
116,37.75686278368095,Green,Car,Afternoon,Cloudy,Side,3,95.46208113599481,0,image_230.jpg
20,31.015477567673233,Red,Bike,Night,Cloudy,Rear,1,32.547933047949805,0,image_231.jpg
38,35.20398840496118,Red,Bike,Afternoon,Cloudy,Front,1,89.81899203018574,0,image_232.jpg
21,10.648208075445536,Green,Truck,Afternoon,Sunny,Rear,2,78.17080285763981,0,image_233.jpg
72,6.818573779338488,Green,Bike,Afternoon,Cloudy,Side,2,108.56826229740307,0,image_234.jpg
63,0.7272332833940964,Red,Car,Morning,Foggy,Side,2,103.19138829369399,1,image_235.jpg
109,17.529377940329848,Red,Truck,Morning,Foggy,Rear,4,44.666174304580856,0,image_236.jpg
51,29.495884342731653,Red,Car,Night,Rainy,Front,4,40.38610574726684,0,image_237.jpg
89,19.612202254986617,Red,Car,Afternoon,Cloudy,Front,2,117.98186562376927,0,image_238.jpg
51,21.873746101186452,Green,Bike,Morning,Foggy,Side,4,67.99916990067823,0,image_239.jpg
87,45.20793472468742,Red,Truck,Afternoon,Rainy,Side,3,109.70630603058805,0,image_240.jpg
74,17.41277335116502,Green,Truck,Evening,Cloudy,Front,3,28.026912615853043,0,image_241.jpg
94,25.69947445799054,Green,Bike,Evening,Sunny,Rear,4,80.71008062801917,0,image_242.jpg
75,39.18265063705715,Green,Car,Evening,Foggy,Side,4,99.08462060966448,0,image_243.jpg
36,19.827139116063506,Red,Car,Night,Sunny,Front,3,114.21347745450915,0,image_244.jpg
57,31.104335011393676,Red,Car,Afternoon,Cloudy,Side,1,47.10741551187258,0,image_245.jpg
43,43.11818543733726,Red,Car,Evening,Foggy,Rear,3,89.74792869164577,0,image_246.jpg
88,47.4760311828821,Red,Truck,Morning,Cloudy,Front,3,69.26943099435809,0,image_247.jpg
117,7.353674046451896,Green,Truck,Evening,Sunny,Side,4,16.6691818673115,0,image_248.jpg
89,46.32938125807472,Red,Bike,Evening,Foggy,Rear,3,85.89997110398377,0,image_249.jpg
105,24.60581465397691,Red,Bike,Evening,Sunny,Side,4,85.91062140616278,0,image_250.jpg
30,12.912219414947918,Green,Truck,Night,Cloudy,Rear,4,112.36674853311908,0,image_251.jpg
35,22.956787811913067,Red,Truck,Morning,Cloudy,Rear,2,64.70436907858696,0,image_252.jpg
116,49.00162876427385,Green,Car,Afternoon,Sunny,Front,3,35.327601278156614,0,image_253.jpg
92,24.63090469964348,Green,Car,Morning,Foggy,Rear,1,14.902020579354707,0,image_254.jpg
78,16.437580514375412,Green,Bike,Afternoon,Sunny,Side,2,55.720640535449625,0,image_255.jpg
89,31.67004271583629,Green,Truck,Night,Cloudy,Rear,4,43.2108370085252,0,image_256.jpg
99,12.007280938909654,Green,Bike,Night,Sunny,Rear,4,93.7197136626263,0,image_257.jpg
112,3.7931664054331957,Green,Truck,Night,Cloudy,Front,1,48.969454132515125,0,image_258.jpg
22,6.443986095532461,Green,Car,Night,Sunny,Rear,4,114.39783159463283,0,image_259.jpg
39,6.402291947888622,Green,Bike,Afternoon,Foggy,Rear,3,115.85412232865627,0,image_260.jpg
78,7.595134675614718,Red,Bike,Evening,Foggy,Side,2,78.29994492394789,1,image_261.jpg
55,6.941358632470507,Red,Truck,Afternoon,Sunny,Front,4,112.15263157163712,0,image_262.jpg
38,32.04373724016073,Red,Car,Morning,Sunny,Front,4,93.69397789659452,0,image_263.jpg
109,9.094004219957242,Red,Bike,Night,Foggy,Front,1,70.15456050726388,1,image_264.jpg
86,17.28336416619316,Green,Car,Night,Cloudy,Rear,3,29.833872896505593,0,image_265.jpg
38,44.839420495300594,Red,Bike,Morning,Foggy,Front,4,60.445773786522395,0,image_266.jpg
39,23.69808201314362,Green,Car,Afternoon,Cloudy,Rear,1,71.69619096988794,0,image_267.jpg
115,33.37788692605136,Red,Truck,Evening,Sunny,Rear,4,105.03577388085112,0,image_268.jpg
90,8.615993560081492,Red,Bike,Evening,Sunny,Side,1,62.94667141892314,1,image_269.jpg
71,9.614450940433539,Red,Bike,Morning,Cloudy,Side,1,108.74421399457523,1,image_270.jpg
52,2.043430813323943,Green,Car,Evening,Sunny,Side,3,84.17838769258158,0,image_271.jpg
59,8.446753153608228,Red,Car,Afternoon,Cloudy,Side,4,25.069896935903852,0,image_272.jpg
58,13.92951695159793,Green,Bike,Afternoon,Rainy,Side,3,119.44795062576023,0,image_273.jpg
101,8.85052421383734,Green,Truck,Morning,Foggy,Rear,1,67.99559268293038,0,image_274.jpg
20,4.43512668785278,Red,Car,Afternoon,Rainy,Rear,2,53.10441260499868,0,image_275.jpg
30,6.03179355503004,Red,Car,Night,Cloudy,Front,4,82.50251409164791,0,image_276.jpg
111,23.038938401636287,Red,Car,Morning,Foggy,Rear,2,21.9782645379143,0,image_277.jpg
76,10.316685920289625,Green,Bike,Afternoon,Cloudy,Rear,4,80.01925114286898,0,image_278.jpg
108,18.213493052403773,Red,Bike,Morning,Foggy,Side,3,64.80596005492004,0,image_279.jpg
69,25.170863542742843,Green,Bike,Evening,Foggy,Rear,3,54.734147699844144,0,image_280.jpg
42,34.51974143146826,Green,Bike,Afternoon,Foggy,Side,3,114.8322023296789,0,image_281.jpg
50,1.9656069920549468,Red,Truck,Night,Foggy,Front,3,67.47936884052586,0,image_282.jpg
113,39.97051994545213,Red,Truck,Afternoon,Cloudy,Front,3,34.10292274169323,0,image_283.jpg
61,31.39501947454539,Green,Bike,Morning,Foggy,Rear,2,60.48598273150285,0,image_284.jpg
118,4.087951597443595,Green,Truck,Morning,Foggy,Front,3,111.13261450299399,0,image_285.jpg
26,43.67893120533886,Green,Car,Afternoon,Rainy,Rear,1,29.370501846365414,0,image_286.jpg
35,46.04362002659066,Red,Car,Night,Sunny,Front,1,33.53527425570606,0,image_287.jpg
109,3.0538979927431873,Green,Car,Night,Sunny,Side,2,11.433252453279213,0,image_288.jpg
79,13.843882407360187,Red,Bike,Night,Rainy,Side,4,11.56090543353439,0,image_289.jpg
21,40.31006398965307,Green,Car,Morning,Rainy,Side,1,101.23307896543638,0,image_290.jpg
20,37.41298451918292,Green,Truck,Afternoon,Cloudy,Side,4,90.53348675272514,0,image_291.jpg
67,9.226050967818866,Red,Bike,Evening,Cloudy,Rear,2,49.05451620971541,1,image_292.jpg
31,10.467466166835514,Green,Truck,Morning,Cloudy,Front,4,86.814227295033,0,image_293.jpg
88,18.5236051395691,Red,Car,Night,Rainy,Rear,4,53.47265189409672,0,image_294.jpg
56,24.226149259551065,Red,Car,Afternoon,Rainy,Side,4,114.81864755976103,0,image_295.jpg
51,30.912738576514798,Green,Car,Night,Foggy,Rear,4,116.37579495686383,0,image_296.jpg
28,18.445681978488622,Red,Bike,Evening,Cloudy,Front,2,53.20731533902777,0,image_297.jpg
118,23.126735806657393,Red,Truck,Night,Cloudy,Rear,1,103.96440969749548,0,image_298.jpg
38,37.37354690668783,Green,Bike,Night,Cloudy,Front,3,95.03979458672129,0,image_299.jpg
67,1.834160144529895,Red,Bike,Evening,Sunny,Rear,4,44.099993088896824,1,image_300.jpg
99,12.621847217201038,Red,Car,Afternoon,Foggy,Front,1,35.52438117912166,0,image_301.jpg
22,35.66747929422762,Red,Bike,Morning,Cloudy,Front,1,60.405811543211726,0,image_302.jpg
39,44.76034188435997,Green,Bike,Afternoon,Cloudy,Side,2,95.94837246758469,0,image_303.jpg
43,25.583872105783307,Red,Car,Evening,Cloudy,Front,1,115.618456320162,0,image_304.jpg
73,26.605674263265783,Green,Bike,Night,Sunny,Side,2,93.99369757532298,0,image_305.jpg
52,5.358600566988803,Green,Car,Afternoon,Sunny,Side,4,104.0727683520207,0,image_306.jpg
43,22.370618341172733,Red,Car,Morning,Rainy,Side,4,76.33707367875682,0,image_307.jpg
94,26.630863322751157,Red,Car,Evening,Foggy,Rear,3,101.89486139263384,0,image_308.jpg
91,12.123525181736483,Red,Car,Afternoon,Rainy,Rear,3,96.28629438037594,0,image_309.jpg
55,13.462161547469048,Green,Bike,Morning,Foggy,Rear,3,51.46840961189081,0,image_310.jpg
57,18.864208155231132,Red,Car,Evening,Sunny,Rear,1,70.71893323327933,0,image_311.jpg
103,1.0035598888863184,Red,Car,Morning,Cloudy,Front,4,98.52284341886643,1,image_312.jpg
118,16.103958279158913,Red,Bike,Evening,Rainy,Front,2,15.066240760895202,0,image_313.jpg
108,10.572400349827232,Red,Bike,Night,Cloudy,Rear,3,98.88872105914129,0,image_314.jpg
118,16.374867608895734,Red,Truck,Afternoon,Rainy,Front,2,29.567693645392577,0,image_315.jpg
44,5.988106590962561,Green,Bike,Morning,Sunny,Front,2,66.61519788335829,0,image_316.jpg
112,44.52636403699475,Green,Bike,Evening,Sunny,Side,3,98.91029835115313,0,image_317.jpg
37,29.679622677702433,Red,Truck,Morning,Sunny,Side,4,37.92031859723643,0,image_318.jpg
101,33.95511595722448,Red,Bike,Morning,Rainy,Side,3,37.038818323676836,0,image_319.jpg
85,39.45856193036691,Red,Bike,Afternoon,Foggy,Side,2,54.30408383084771,0,image_320.jpg
73,24.922109946452863,Red,Bike,Night,Rainy,Front,3,108.4107077335398,0,image_321.jpg
54,4.346014404371185,Green,Bike,Morning,Foggy,Rear,2,10.048705958092867,0,image_322.jpg
99,26.85532709092739,Red,Truck,Evening,Rainy,Front,2,109.15214063061285,0,image_323.jpg
80,29.342055901043956,Green,Bike,Evening,Rainy,Front,3,26.918772710576857,0,image_324.jpg
60,37.271973709216496,Green,Bike,Night,Sunny,Front,1,118.90950136742303,0,image_325.jpg
119,21.58297731148397,Red,Truck,Evening,Cloudy,Side,3,115.0331692342315,0,image_326.jpg
52,6.379015139778188,Green,Car,Night,Cloudy,Side,1,64.41427085504117,0,image_327.jpg
87,14.188795289936223,Green,Truck,Evening,Foggy,Side,2,66.3992272593891,0,image_328.jpg
52,18.154114819931756,Green,Car,Afternoon,Cloudy,Rear,2,62.97042743034397,0,image_329.jpg
33,32.295862066580064,Green,Truck,Morning,Rainy,Front,1,79.89880102254749,0,image_330.jpg
40,28.538915233445593,Red,Truck,Afternoon,Rainy,Rear,2,19.979387245842414,0,image_331.jpg
67,17.80483629489231,Red,Bike,Morning,Sunny,Side,1,13.587974317572316,0,image_332.jpg
39,49.32576243964898,Green,Car,Morning,Sunny,Rear,1,16.347322125748875,0,image_333.jpg
27,30.288740967844358,Red,Bike,Morning,Cloudy,Front,2,58.88018841656658,0,image_334.jpg
26,11.861339586799724,Red,Car,Afternoon,Foggy,Front,4,40.310273314143174,0,image_335.jpg
86,5.089123631020187,Red,Truck,Morning,Cloudy,Side,1,78.42435186080931,1,image_336.jpg
36,7.642956959216601,Red,Truck,Afternoon,Cloudy,Side,3,119.16865183122569,0,image_337.jpg
52,12.297886419225406,Red,Car,Night,Cloudy,Rear,3,52.49554903841125,0,image_338.jpg
67,8.034068662977784,Green,Bike,Evening,Cloudy,Side,2,73.12253795149647,0,image_339.jpg
95,9.328351202565289,Red,Bike,Evening,Rainy,Side,4,55.716428549806906,1,image_340.jpg
78,14.254758434692356,Red,Bike,Morning,Foggy,Front,2,103.19988344940452,0,image_341.jpg
105,8.66867976473774,Red,Bike,Afternoon,Rainy,Side,4,109.24600438084619,1,image_342.jpg
41,44.83827123132126,Red,Truck,Evening,Foggy,Side,1,106.5091173425786,0,image_343.jpg
49,4.011687283082111,Green,Truck,Afternoon,Sunny,Front,1,117.18094625471834,0,image_344.jpg
57,26.225569478512732,Green,Truck,Afternoon,Cloudy,Front,1,13.027110365445683,0,image_345.jpg
70,20.519841349483077,Green,Truck,Morning,Rainy,Rear,1,102.37977783600842,0,image_346.jpg
73,49.11893084543032,Green,Truck,Evening,Foggy,Side,3,92.69493903430026,0,image_347.jpg
27,5.601945108402617,Red,Bike,Morning,Sunny,Front,3,35.15638503404013,0,image_348.jpg
46,19.892779952287082,Green,Bike,Morning,Sunny,Rear,2,115.19521027262803,0,image_349.jpg
46,48.473521663768445,Red,Bike,Evening,Cloudy,Rear,4,26.299572105294,0,image_350.jpg
117,43.275356294699016,Red,Bike,Evening,Foggy,Side,1,84.75049198472992,0,image_351.jpg
40,40.853603547464,Red,Truck,Night,Rainy,Side,1,34.73792384975037,0,image_352.jpg
49,12.895141352246991,Red,Truck,Night,Cloudy,Rear,4,57.451871365148214,0,image_353.jpg
116,8.544379369503291,Red,Truck,Afternoon,Rainy,Front,4,89.10758866390259,1,image_354.jpg
47,33.43216099622155,Green,Car,Evening,Sunny,Rear,2,71.96571062363513,0,image_355.jpg
83,46.46879945637929,Green,Bike,Night,Rainy,Side,4,57.02520144609229,0,image_356.jpg
116,27.83814465069649,Green,Bike,Afternoon,Rainy,Front,1,45.897227402518595,0,image_357.jpg
88,28.580634473494992,Green,Truck,Afternoon,Cloudy,Front,1,102.36256212796694,0,image_358.jpg
80,13.998954683014208,Red,Bike,Afternoon,Rainy,Rear,1,25.819578534629507,0,image_359.jpg
67,38.47464665959684,Green,Bike,Night,Cloudy,Side,1,57.311316418278004,0,image_360.jpg
38,9.352187427876169,Red,Truck,Evening,Sunny,Rear,1,109.41333289526564,0,image_361.jpg
23,16.183961820212183,Green,Car,Morning,Cloudy,Rear,2,103.04345055059645,0,image_362.jpg
54,21.27182193082084,Red,Car,Afternoon,Cloudy,Rear,1,54.103593872035134,0,image_363.jpg
83,25.38051893422275,Red,Car,Night,Foggy,Front,2,93.94191999614391,0,image_364.jpg
68,12.120486620754011,Green,Truck,Night,Rainy,Front,1,100.54769137797452,0,image_365.jpg
36,5.741841236960177,Red,Bike,Morning,Sunny,Side,3,107.77761664039927,0,image_366.jpg
63,30.53100212208163,Red,Truck,Morning,Cloudy,Side,3,69.89563459541507,0,image_367.jpg
111,14.431527662012789,Green,Truck,Night,Sunny,Rear,3,32.4906974660183,0,image_368.jpg
49,29.061911071130613,Red,Bike,Evening,Foggy,Rear,3,38.08399841543248,0,image_369.jpg
112,7.718135763710116,Green,Car,Morning,Rainy,Rear,2,42.526414144576464,0,image_370.jpg
65,24.057005092740873,Green,Car,Night,Cloudy,Side,2,75.31827288905771,0,image_371.jpg
25,26.629471627579292,Green,Truck,Morning,Rainy,Front,4,13.609058654146928,0,image_372.jpg
118,2.5911768411213454,Red,Car,Evening,Foggy,Front,1,79.96467156579651,1,image_373.jpg
56,16.830213909696027,Red,Truck,Afternoon,Foggy,Rear,3,50.07896622710552,0,image_374.jpg
43,6.720733846948712,Red,Truck,Morning,Sunny,Rear,2,42.47659827386064,0,image_375.jpg
112,3.168748523638387,Green,Bike,Evening,Cloudy,Rear,1,106.7446227800939,0,image_376.jpg
65,49.49801161949726,Red,Bike,Night,Sunny,Rear,1,60.60026351388788,0,image_377.jpg
72,16.117692248736148,Green,Bike,Morning,Foggy,Side,2,20.455835008596207,0,image_378.jpg
114,40.493722292731746,Green,Truck,Morning,Rainy,Front,3,100.94214448288717,0,image_379.jpg
118,12.732032738188192,Red,Bike,Night,Sunny,Rear,4,15.240538318015727,0,image_380.jpg
79,34.075136111196464,Green,Car,Afternoon,Sunny,Side,1,89.94241465850163,0,image_381.jpg
116,38.011392994484325,Red,Car,Night,Rainy,Rear,4,95.12968439477316,0,image_382.jpg
82,29.781937030392214,Red,Truck,Morning,Sunny,Rear,3,48.7862866521744,0,image_383.jpg
104,23.57880942750792,Red,Truck,Night,Rainy,Front,3,100.72666419055653,0,image_384.jpg
51,20.592045707363425,Red,Bike,Evening,Cloudy,Rear,4,66.72253464420987,0,image_385.jpg
106,17.443413327149766,Red,Truck,Night,Rainy,Front,3,60.96230186000765,0,image_386.jpg
52,46.476457212391296,Green,Truck,Morning,Cloudy,Front,1,14.994360961556179,0,image_387.jpg
86,41.530970389386454,Green,Car,Night,Rainy,Front,4,41.90321130137965,0,image_388.jpg
37,48.251345533325626,Green,Car,Afternoon,Foggy,Side,3,112.41109679738298,0,image_389.jpg
44,6.214861174277236,Red,Bike,Night,Foggy,Side,4,53.100635961185,0,image_390.jpg
114,36.54337376018221,Red,Truck,Afternoon,Cloudy,Front,1,70.13705726124451,0,image_391.jpg
73,46.91702284105189,Red,Truck,Evening,Cloudy,Rear,3,68.52238468826769,0,image_392.jpg
77,9.061653308283008,Green,Car,Afternoon,Foggy,Front,1,74.94741988049627,0,image_393.jpg
86,3.3248133683388748,Red,Truck,Night,Cloudy,Rear,3,16.74640512076109,1,image_394.jpg
65,37.056032464502955,Green,Car,Morning,Rainy,Front,2,49.83938802786011,0,image_395.jpg
43,28.723655658995597,Green,Bike,Afternoon,Rainy,Rear,3,89.54411012708096,0,image_396.jpg
51,42.0914388379136,Red,Car,Evening,Foggy,Side,4,32.061627618028126,0,image_397.jpg
66,6.988618831314475,Red,Truck,Afternoon,Sunny,Rear,3,32.39362153009965,1,image_398.jpg
105,39.76336559299451,Green,Bike,Afternoon,Rainy,Front,1,11.109966735792721,0,image_399.jpg
42,10.081366002387227,Red,Car,Afternoon,Cloudy,Side,1,58.12301192690307,0,image_400.jpg
85,8.182797143285224,Green,Car,Evening,Sunny,Rear,3,107.10078187407642,0,image_401.jpg
46,8.213289896549647,Red,Bike,Night,Sunny,Rear,4,15.70910379460399,0,image_402.jpg
21,40.728736011569104,Red,Bike,Afternoon,Rainy,Rear,2,31.02305804456029,0,image_403.jpg
109,33.25986103481001,Green,Car,Afternoon,Rainy,Rear,4,44.109299217703054,0,image_404.jpg
36,26.153271238455964,Red,Truck,Morning,Sunny,Rear,2,90.48972102206342,0,image_405.jpg
52,17.941524206175124,Green,Car,Evening,Sunny,Side,1,80.46991520828452,0,image_406.jpg
28,43.86002704065541,Red,Bike,Afternoon,Foggy,Side,4,55.75382950400405,0,image_407.jpg
62,19.622255371131768,Green,Car,Evening,Cloudy,Side,2,93.49758331842133,0,image_408.jpg
67,40.82997197357886,Green,Bike,Afternoon,Foggy,Side,3,77.0594112822592,0,image_409.jpg
58,21.95674542851092,Red,Bike,Night,Rainy,Front,1,108.5644879622941,0,image_410.jpg
112,18.84722147124538,Green,Truck,Night,Foggy,Side,3,99.98294240525622,0,image_411.jpg
61,23.13398928348032,Red,Bike,Afternoon,Foggy,Rear,1,37.80949666981206,0,image_412.jpg
45,15.068893708207105,Red,Bike,Night,Foggy,Rear,4,39.85824353976202,0,image_413.jpg
118,37.380469008812554,Red,Truck,Afternoon,Foggy,Side,4,23.789212337162418,0,image_414.jpg
69,25.136019504623956,Green,Bike,Night,Cloudy,Rear,1,47.066119828920215,0,image_415.jpg
44,11.610634757340865,Green,Truck,Morning,Cloudy,Side,1,119.94983105910038,0,image_416.jpg
43,44.978728663728425,Red,Truck,Morning,Sunny,Rear,1,54.63262854765671,0,image_417.jpg
32,19.19456106866057,Red,Bike,Morning,Rainy,Front,4,34.2537278158017,0,image_418.jpg
79,27.17764305569943,Green,Bike,Evening,Foggy,Front,2,93.87311729231084,0,image_419.jpg
26,45.32360554822735,Red,Car,Evening,Sunny,Side,3,69.67181038089217,0,image_420.jpg
76,31.211899795699605,Red,Truck,Morning,Sunny,Side,3,26.45615944796478,0,image_421.jpg
55,5.844902035418204,Green,Car,Evening,Sunny,Side,4,51.87586492769523,0,image_422.jpg
64,46.991606180673756,Red,Bike,Night,Cloudy,Rear,3,55.59166870932776,0,image_423.jpg
39,31.385402653570893,Green,Car,Afternoon,Foggy,Side,1,92.92126706261405,0,image_424.jpg
84,16.745280732854305,Red,Truck,Afternoon,Foggy,Front,2,12.27385057810949,0,image_425.jpg
27,6.963603633169363,Green,Car,Afternoon,Rainy,Rear,3,39.59216114781415,0,image_426.jpg
35,39.7012594635148,Red,Truck,Morning,Foggy,Side,2,66.93559314470743,0,image_427.jpg
33,31.003637796425675,Red,Bike,Evening,Foggy,Rear,1,39.57314166981277,0,image_428.jpg
95,26.673054598816076,Green,Bike,Night,Sunny,Rear,3,79.12774521608988,0,image_429.jpg
106,44.69462915254788,Red,Truck,Night,Rainy,Side,4,63.005422720207825,0,image_430.jpg
34,39.42986056122654,Green,Bike,Morning,Foggy,Rear,2,49.78812803455387,0,image_431.jpg
111,7.583743986637559,Red,Bike,Night,Cloudy,Front,1,114.41294895575635,1,image_432.jpg
117,15.586103389777412,Green,Bike,Night,Foggy,Front,2,79.53754491051032,0,image_433.jpg
85,12.424456990723288,Green,Bike,Night,Sunny,Rear,3,24.293550949473534,0,image_434.jpg
51,37.19731462863385,Green,Truck,Night,Cloudy,Side,3,71.6100867187735,0,image_435.jpg
106,1.676621736788969,Green,Car,Evening,Sunny,Rear,4,95.88050385209911,0,image_436.jpg
82,28.494484243565825,Red,Car,Night,Foggy,Front,1,87.9338667242077,0,image_437.jpg
105,38.122934287034525,Red,Bike,Afternoon,Cloudy,Rear,1,28.92981522247853,0,image_438.jpg
70,43.838281838087475,Green,Car,Morning,Rainy,Rear,4,116.96619989441137,0,image_439.jpg
44,17.104087435795375,Green,Car,Evening,Rainy,Front,4,59.36950103212666,0,image_440.jpg
77,41.06286523360064,Green,Bike,Night,Cloudy,Rear,1,27.49275041142874,0,image_441.jpg
82,5.531586847760361,Red,Bike,Evening,Cloudy,Rear,2,29.82153295409627,1,image_442.jpg
81,42.32261458672591,Red,Car,Night,Sunny,Side,2,20.805849140798856,0,image_443.jpg
41,6.374433116599121,Red,Truck,Afternoon,Cloudy,Side,4,98.38699192784277,0,image_444.jpg
77,19.864364528018363,Red,Bike,Morning,Sunny,Front,2,23.42335437540335,0,image_445.jpg
77,39.86476828897768,Green,Truck,Night,Foggy,Front,1,23.763778285592164,0,image_446.jpg
105,7.4958713674386885,Green,Car,Night,Sunny,Front,3,103.55187762369214,0,image_447.jpg
68,11.462569761632075,Green,Bike,Night,Cloudy,Side,3,47.90644928923156,0,image_448.jpg
71,36.11262841965331,Red,Truck,Night,Cloudy,Front,2,13.39436947388797,0,image_449.jpg
61,36.00182682730372,Red,Bike,Morning,Foggy,Front,4,15.708482947025196,0,image_450.jpg
89,32.057381644264865,Red,Car,Morning,Cloudy,Front,4,25.638749137428512,0,image_451.jpg
34,34.697422223355,Green,Truck,Afternoon,Cloudy,Side,4,33.47326827732585,0,image_452.jpg
73,27.13622216737981,Green,Car,Morning,Rainy,Rear,4,83.16608136622459,0,image_453.jpg
79,12.589952945347637,Red,Car,Night,Rainy,Front,4,27.305890800201105,0,image_454.jpg
116,17.284799675195973,Green,Bike,Afternoon,Foggy,Rear,2,23.076183029477917,0,image_455.jpg
27,9.079885840071283,Red,Truck,Afternoon,Sunny,Front,3,94.11910556239071,0,image_456.jpg
72,45.422528066681416,Red,Car,Afternoon,Rainy,Rear,3,83.81608122459059,0,image_457.jpg
79,29.169589738306023,Green,Car,Night,Sunny,Side,2,57.88566436007598,0,image_458.jpg
24,20.042570838181994,Red,Truck,Evening,Cloudy,Side,4,70.42407486281144,0,image_459.jpg
87,23.100290182206635,Green,Car,Night,Rainy,Front,2,44.318242235906034,0,image_460.jpg
25,47.36416698059077,Red,Car,Morning,Foggy,Rear,3,63.07504622588967,0,image_461.jpg
115,7.66757015580401,Green,Truck,Morning,Foggy,Side,1,65.73399138810203,0,image_462.jpg
113,29.31149160083986,Green,Truck,Night,Foggy,Front,2,52.59609982959055,0,image_463.jpg
66,25.2944339442233,Green,Truck,Night,Rainy,Front,4,109.7229431739379,0,image_464.jpg
118,30.57271177173239,Red,Truck,Afternoon,Sunny,Side,3,11.766805147910675,0,image_465.jpg
74,0.9055091910420254,Red,Bike,Night,Cloudy,Side,3,96.03883894003708,1,image_466.jpg
59,43.606195447207575,Green,Truck,Afternoon,Sunny,Front,3,23.682111436545675,0,image_467.jpg
71,46.60591412418062,Green,Bike,Morning,Sunny,Rear,3,97.73020965909194,0,image_468.jpg
35,28.256659179460446,Red,Bike,Afternoon,Cloudy,Rear,4,77.75031072443933,0,image_469.jpg
32,34.83254119384461,Red,Bike,Night,Cloudy,Rear,1,102.76059000300427,0,image_470.jpg
49,46.124969058864785,Red,Car,Morning,Rainy,Front,3,20.72657582049872,0,image_471.jpg
38,35.36193171566993,Green,Bike,Evening,Rainy,Side,2,71.48786975097514,0,image_472.jpg
36,7.626952145713068,Red,Bike,Afternoon,Rainy,Front,1,65.11966682884167,0,image_473.jpg
82,28.81441800834066,Red,Car,Morning,Rainy,Side,3,87.68125012596946,0,image_474.jpg
38,30.335752319142795,Green,Car,Afternoon,Rainy,Rear,1,68.77196070830433,0,image_475.jpg
111,21.2065335651193,Red,Car,Morning,Cloudy,Rear,2,69.48080238464146,0,image_476.jpg
77,36.82221178123614,Red,Truck,Morning,Sunny,Side,3,57.25555379336711,0,image_477.jpg
74,46.718350738450745,Red,Car,Afternoon,Rainy,Side,2,43.971786640807494,0,image_478.jpg
109,46.278425645338814,Green,Car,Evening,Rainy,Front,4,63.04907973774114,0,image_479.jpg
109,22.541968570206606,Green,Bike,Morning,Sunny,Rear,3,23.034159464524066,0,image_480.jpg
81,5.661902292037762,Green,Car,Morning,Rainy,Front,3,115.76646728813932,0,image_481.jpg
42,49.242059948116726,Green,Truck,Morning,Sunny,Front,3,88.58518399892581,0,image_482.jpg
28,41.94490432229671,Green,Car,Evening,Sunny,Front,3,114.77138283566315,0,image_483.jpg
31,6.2331340601633425,Green,Truck,Evening,Cloudy,Rear,4,34.940012056295956,0,image_484.jpg
20,46.04209413086862,Green,Car,Night,Foggy,Front,3,106.72751221941809,0,image_485.jpg
77,43.49481810310641,Red,Car,Afternoon,Cloudy,Front,1,98.96689830198923,0,image_486.jpg
20,25.941902856303606,Red,Car,Evening,Foggy,Front,3,84.4867653703441,0,image_487.jpg
53,29.563771787246463,Green,Car,Afternoon,Foggy,Front,4,78.75321046937263,0,image_488.jpg
115,19.95013519350651,Red,Truck,Night,Foggy,Front,3,44.8204631794657,0,image_489.jpg
67,2.7380819411015667,Red,Truck,Afternoon,Rainy,Front,1,99.80518634615338,1,image_490.jpg
108,16.759862082295047,Green,Bike,Evening,Cloudy,Rear,4,65.16670076277072,0,image_491.jpg
20,40.14267242990057,Red,Truck,Afternoon,Foggy,Front,4,17.79807334804139,0,image_492.jpg
35,0.23160115023014294,Red,Car,Evening,Sunny,Side,1,44.4149476940643,0,image_493.jpg
80,16.67495858455721,Red,Bike,Afternoon,Rainy,Front,1,112.88268083998604,0,image_494.jpg
83,19.908434679547167,Red,Bike,Evening,Cloudy,Front,1,103.5748286665331,0,image_495.jpg
82,26.869780146896144,Red,Bike,Evening,Foggy,Rear,1,118.00962678841931,0,image_496.jpg
88,45.992780820638025,Green,Car,Afternoon,Sunny,Rear,1,79.07927208645079,0,image_497.jpg
41,17.317299718298063,Green,Truck,Night,Cloudy,Side,4,37.226108045445315,0,image_498.jpg
112,17.347660094811385,Green,Car,Morning,Cloudy,Side,4,27.909655464455014,0,image_499.jpg
86,36.87506240548742,Red,Bike,Night,Rainy,Rear,3,30.560588466930778,0,image_500.jpg
